{
    "version": 2,
    "functions": {
        "api/index.php": { "runtime": "vercel-php@0.6.0" }
    },
    "routes": [
        {
            "src": "/api/(.*)",
            "dest": "/api/index.php",
            "headers": {
                "Access-Control-Allow-Origin": "*",
                "Access-Control-Allow-Methods": "GET, POST, PUT, DELETE, OPTIONS",
                "Access-Control-Allow-Headers": "Content-Type, Authorization"
            }
        },
        {
            "src": "/(.*)",
            "dest": "/api/index.php"
        }
    ],
    "env": {
        "APP_ENV": "production",
        "APP_DEBUG": "true",
        "APP_URL": "https://yourproductionurl.com",
        "APP_CONFIG_CACHE": "/tmp/config.php",
        "APP_EVENTS_CACHE": "/tmp/events.php",
        "APP_PACKAGES_CACHE": "/tmp/packages.php",
        "APP_ROUTES_CACHE": "/tmp/routes.php",
        "APP_SERVICES_CACHE": "/tmp/services.php",
        "VIEW_COMPILED_PATH": "/tmp",
        "CACHE_DRIVER": "array",
        "LOG_CHANNEL": "stderr",
        "SESSION_DRIVER": "cookie"
    }
}
